,Date,CO,NO2,O3,PM 10,SO2,Temperature,Humidity,Wind velocity
0,2016-01-01,1.7287083333333333,0.023657135416666666,0.017694010416666666,55.246874999999996,0.0032154166666666668,21.203645833333333,62.432812500000004,1.7692708333333333
1,2016-01-02,1.21264375,0.030538333333333334,0.020074479166666666,38.89666666666667,0.002867864583333333,19.340625,40.762499999999996,2.68125
2,2016-01-03,0.7651249999999999,0.0235434375,0.025310729166666667,35.69901041666667,0.003332291666666666,22.472395833333334,39.535937499999996,2.689583333333333
3,2016-01-04,0.6305208333333333,0.01724703125,0.026833697916666666,33.11208333333334,0.002843385416666667,23.109895833333336,33.096354166666664,5.1984375
4,2016-01-05,0.9081145833333334,0.023953125000000002,0.04182265625,41.07338541666667,0.00255328125,25.33020833333333,20.337500000000002,3.491145833333333
5,2016-01-06,0.6641197916666667,0.014657499999999999,0.033686041666666666,36.81192708333333,0.0022872395833333334,27.295833333333334,38.27760416666667,4.360416666666667
6,2016-01-07,0.72284375,0.017442552083333333,0.035121458333333334,22.8978125,0.00183546875,23.938541666666666,63.85,2.685416666666667
7,2016-01-08,0.6770312500000001,0.015566979166666666,0.024281614583333333,25.875208333333333,0.0021995833333333333,23.788541666666664,65.81979166666666,2.7708333333333335
8,2016-01-09,0.7111302083333334,0.019604479166666668,0.02501453125,35.2284375,0.0022492708333333336,22.639583333333334,75.95937500000001,2.9093750000000003
9,2016-01-10,0.7021614583333333,0.018515625,0.018645260416666667,40.766302083333336,0.00243484375,22.25572916666667,75.10572916666666,2.222395833333333
10,2016-01-11,1.3475729166666666,0.0266271875,0.024103489583333332,40.21458333333333,0.0027848958333333332,22.751041666666666,47.634375,1.7833333333333332
11,2016-01-12,0.9685781250000001,0.01949828125,0.0101915625,68.1728125,0.0029896874999999997,21.115624999999998,64.0,2.464583333333333
12,2016-01-13,1.04715625,0.022804166666666667,0.008998567708333334,37.873296875,0.0031933854166666664,16.169270833333332,66.4015625,2.803645833333333
13,2016-01-14,1.115484375,0.022443333333333332,0.015005208333333332,37.27697916666667,0.0034283333333333336,16.740104166666665,53.66458333333333,3.305729166666667
14,2016-01-15,1.2665625,0.03078625,0.019731197916666665,45.270625,0.0032964583333333335,16.6796875,41.3203125,2.74375
15,2016-01-16,1.6630885416666665,0.038478697916666665,0.017395416666666667,53.58703125,0.004324947916666666,17.236458333333335,33.807812500000004,2.2515625
16,2016-01-17,1.4136989583333335,0.032849375,0.02551229166666667,49.53234375,0.003094375,17.524479166666666,29.730729166666666,2.6713541666666667
17,2016-01-18,1.4986302083333334,0.03461541666666667,0.021123229166666663,49.12385416666667,0.0034776041666666666,17.876041666666666,35.700520833333336,2.3932291666666665
18,2016-01-19,1.4268697916666666,0.03487552083333333,0.022711093749999998,57.77015625000001,0.003522135416666667,17.347916666666666,34.74583333333333,2.1453124999999997
19,2016-01-20,1.570640625,0.040907864583333335,0.023881614583333332,65.56760416666667,0.003263828125,17.702083333333334,38.925000000000004,1.7552083333333333
20,2016-01-21,1.703734375,0.04355791666666667,0.02328015625,58.367604166666666,0.0038128125000000002,18.4421875,38.809374999999996,1.4041666666666668
21,2016-01-22,1.72121875,0.04287755208333333,0.018644739583333333,61.41947916666667,0.00397578125,18.1375,27.965625,2.0942708333333333
22,2016-01-23,1.5522031250000001,0.04161526041666667,0.0247421875,63.345677083333335,0.0034308229166666667,18.149479166666666,26.5828125,1.9239583333333332
23,2016-01-24,1.3231458333333335,0.034768802083333335,0.025650520833333332,50.63703125,0.0028125000000000003,17.9578125,37.739062499999996,2.5322916666666666
24,2016-01-25,1.2240416666666667,0.029295,0.013898541666666667,48.692187499999996,0.0029754166666666666,16.372916666666665,45.828125,2.1255208333333333
25,2016-01-26,0.9889735416666667,0.022742083333333333,0.012869322916666667,39.537083333333335,0.0029915625,17.0984375,46.10885416666667,3.552604166666667
26,2016-01-27,0.9041859895833334,0.021216718750000002,0.01626546875,39.02921875,0.002538489583333333,15.828125,47.8109375,3.3541666666666665
27,2016-01-28,0.6994630208333333,0.021644406249999998,0.023426770833333332,38.018229166666664,0.0027473437500000002,14.040625,37.60572916666667,4.766666666666667
28,2016-01-29,0.9957114583333334,0.03213788020833334,0.022798125,40.76744791666667,0.003929015625,16.7375,28.851614583333333,2.0833333333333335
29,2016-01-30,1.0971197916666666,0.02562296875,0.012776614583333333,42.21546875,0.0031460416666666668,19.075520833333332,44.08645833333333,3.7651041666666667
30,2016-01-31,1.1194901041666667,0.026467135416666666,0.019637239583333334,30.35682291666667,0.00313515625,18.980729166666666,50.91197916666667,2.097395833333333
31,2016-02-01,0.7376647368421052,0.018654842105263157,0.017267263157894737,46.020736842105265,0.002675342105263158,21.233684210526317,61.37421052631579,2.6357894736842105
32,2016-02-02,1.2301614583333333,0.029458489583333334,0.020214947916666667,43.783489583333335,0.002799895833333333,19.09375,33.68385416666667,3.202083333333333
33,2016-02-03,0.8005526041666666,0.02546040625,0.027156072916666666,37.936770833333334,0.003146989583333333,22.563541666666666,34.28697916666667,2.9458333333333333
34,2016-02-04,0.8821927083333333,0.026815625,0.022894583333333333,36.91197916666667,0.0031807291666666668,22.93177083333333,25.040625000000002,3.866145833333333
35,2016-02-05,1.119640625,0.029352135416666664,0.03556052083333333,50.5303125,0.0029729166666666667,26.9328125,24.995833333333334,3.1296874999999997
36,2016-02-06,0.6559583333333333,0.0152353125,0.03422083333333333,37.249322916666664,0.0025102083333333335,26.934375,41.59583333333333,4.2437499999999995
37,2016-02-07,0.7259166666666667,0.01746921875,0.02730677083333333,23.744322916666665,0.0017384375000000002,23.246354166666666,67.4109375,3.0739583333333336
38,2016-02-08,0.7453020833333334,0.019481614583333334,0.025016781249999998,25.458645833333335,0.0021796874999999998,23.157291666666666,68.86093749999999,2.6166666666666667
39,2016-02-09,0.9507083333333334,0.021287395833333334,0.0148409375,36.5140625,0.0020313541666666666,23.6375,70.60312499999999,2.277083333333333
40,2016-02-10,0.6537291666666667,0.016526666666666665,0.023338125,31.716718750000002,0.0021466145833333333,22.9171875,71.89791666666666,2.3765625
41,2016-02-11,1.3653385416666666,0.0285546875,0.028246041666666666,39.919895833333335,0.0027770833333333332,23.178645833333334,50.85572916666666,1.8833333333333335
42,2016-02-12,1.0708958333333334,0.018797552083333332,0.007936197916666667,69.43526041666667,0.003126979166666667,20.619791666666668,61.763020833333336,2.3973958333333334
43,2016-02-13,1.2946510416666668,0.03261302083333333,0.0243971875,46.6409375,0.0043478125,18.858854166666667,20.452604166666667,2.6791666666666667
44,2016-02-14,1.1978489583333334,0.034268541666666666,0.023924531250000002,44.61166666666667,0.004356927083333333,19.252083333333335,22.969791666666666,2.427604166666667
45,2016-02-15,1.562453125,0.04540890625,0.0305684375,54.577916666666674,0.0046305729166666665,20.946875000000002,31.4640625,1.7651041666666665
46,2016-02-16,1.63634375,0.04668916666666667,0.02559916666666667,65.44890625000001,0.0047519791666666665,21.474999999999998,37.1265625,1.7052083333333332
47,2016-02-17,1.5726302083333332,0.04502354166666667,0.02092234375,61.78666666666667,0.00454625,23.130208333333332,27.638020833333332,2.5364583333333335
48,2016-02-18,1.1974947916666667,0.03661458333333333,0.02791046875,56.175052083333334,0.0037884895833333334,21.703645833333336,24.78125,2.2453125000000003
49,2016-02-19,1.5964427083333332,0.04697958333333333,0.025218385416666666,69.50947916666667,0.004233020833333333,22.171875,31.21302083333333,1.5942708333333335
50,2016-02-20,1.4765208333333335,0.04599973958333333,0.022008645833333337,59.163333333333334,0.004042083333333333,21.641666666666666,25.35625,1.7661458333333335
51,2016-02-21,1.3194973821989529,0.03676089005235602,0.036387643979057596,57.7430890052356,0.003668167539267016,22.739267015706805,35.94869109947644,2.6397905759162303
52,2016-02-22,0.9344427083333334,0.024759166666666665,0.03355989583333333,47.836718749999996,0.0036647395833333332,23.530208333333334,38.407291666666666,4.217708333333333
53,2016-02-23,0.8210885416666667,0.024258385416666667,0.027581875000000002,39.24760416666667,0.004422239583333334,22.503645833333334,33.366145833333334,3.5817708333333336
54,2016-02-24,1.1924062500000001,0.036568125,0.02931697916666667,52.03447916666667,0.003974270833333333,22.346875,29.64270833333333,2.2359375
55,2016-02-25,0.8983541666666667,0.02778729166666667,0.026730364583333333,57.32729166666667,0.0040813020833333335,21.77135416666667,36.69583333333333,2.5890625000000003
56,2016-02-26,0.9702395833333334,0.026933020833333335,0.02258083333333333,44.530468750000004,0.0035911458333333333,21.371875,57.36927083333333,2.6046875000000003
57,2016-02-27,0.9088854166666667,0.026320104166666667,0.021747708333333334,35.40802083333333,0.0030851041666666666,19.481770833333332,61.18072916666667,2.822395833333333
58,2016-02-28,0.82840625,0.022959166666666666,0.02291557291666667,25.917291666666667,0.00306046875,20.23125,52.699999999999996,2.558333333333333
59,2016-02-29,0.90215625,0.023889010416666665,0.024180729166666665,38.98130208333333,0.0032512500000000002,22.038020833333334,48.82916666666667,2.5932291666666667
60,2016-03-01,0.7890789473684211,0.01928557894736842,0.016685894736842104,40.11715789473684,0.0024116052631578946,20.45578947368421,47.25842105263158,2.403157894736842
61,2016-03-02,1.542546875,0.03968942708333333,0.021446770833333333,51.918749999999996,0.0038868229166666665,18.027604166666666,28.096875,1.8463541666666667
62,2016-03-03,0.8505047120418848,0.026337015706806282,0.02601052356020942,36.60565445026178,0.0032605759162303662,23.22670157068063,30.26544502617801,2.881151832460733
63,2016-03-04,0.9625432291666667,0.026254166666666665,0.026952598958333334,36.30479166666667,0.0026983333333333334,23.433854166666666,25.45130208333333,2.642708333333333
64,2016-03-05,0.9033072916666667,0.023418020833333334,0.03544302083333333,48.36182291666666,0.00294328125,27.860416666666666,23.042708333333334,3.6046875000000003
65,2016-03-06,0.6624583333333333,0.016868802083333332,0.035450156249999996,35.421093750000004,0.002637864583333333,27.340625,37.057812500000004,3.353125
66,2016-03-07,0.7175520833333334,0.017601770833333332,0.02520078125,23.17776041666667,0.0019075000000000001,24.58125,62.622395833333336,2.697395833333333
67,2016-03-08,0.7567552083333333,0.021255468750000003,0.02529130208333333,22.960052083333334,0.00230625,23.223958333333332,69.49322916666667,2.9166666666666665
68,2016-03-09,0.6955677083333334,0.01885515625,0.013232968749999999,25.192604166666666,0.0021747916666666665,23.915104166666666,64.68124999999999,2.7114583333333333
69,2016-03-10,0.7078385416666667,0.017516666666666666,0.022922552083333336,35.567135416666666,0.0022489583333333333,23.501041666666666,70.54895833333333,2.7614583333333336
70,2016-03-11,1.0132359375,0.022822968750000002,0.014830208333333332,37.896510416666665,0.002488609375,23.693749999999998,49.775,2.652083333333333
71,2016-03-12,0.8453697916666667,0.014583385416666666,0.00842125,64.52354166666667,0.0024072916666666665,20.0890625,60.921875,3.9614583333333333
72,2016-03-13,0.9651780104712041,0.03117178010471204,0.0334738219895288,36.594659685863874,0.003067801047120419,20.54607329842932,34.156020942408375,2.105235602094241
73,2016-03-14,1.191625,0.03467703125,0.030791197916666666,46.53062499999999,0.00342359375,22.350520833333334,33.247395833333336,2.392708333333333
74,2016-03-15,1.118703125,0.03345119791666667,0.026635312499999998,47.931666666666665,0.003956302083333333,22.847916666666666,38.372395833333336,2.377083333333333
75,2016-03-16,1.076921875,0.033205,0.02038953125,47.9665625,0.00427890625,23.087500000000002,35.11302083333333,2.1708333333333334
76,2016-03-17,0.8274114583333333,0.025356109375,0.016394583333333334,43.53567708333333,0.00364640625,22.076562499999998,38.94947916666667,3.391666666666667
77,2016-03-18,0.8719312499999999,0.021688229166666666,0.0173621875,37.486041666666665,0.0035155729166666664,20.9609375,44.809895833333336,3.7973958333333333
78,2016-03-19,0.70721875,0.021071562500000002,0.021304739583333333,35.884218749999995,0.003559270833333333,20.772395833333334,40.067708333333336,3.2776041666666664
79,2016-03-20,0.8923072916666667,0.025065729166666665,0.02244630208333333,35.13692708333333,0.00356046875,19.689062500000002,44.21510416666666,2.725520833333333
80,2016-03-21,0.6977916666666667,0.019254895833333334,0.023145572916666666,34.03640625,0.0029809374999999996,20.163020833333334,39.225,4.460416666666666
81,2016-03-22,0.8192291666666667,0.021744843750000003,0.0169453125,39.43458333333333,0.003308645833333333,21.88854166666667,42.645833333333336,3.576041666666667
82,2016-03-23,0.7889791666666667,0.017444635416666666,0.01667984375,42.815052083333335,0.0030647916666666666,22.447916666666668,51.93385416666666,4.497395833333333
83,2016-03-24,0.6324895833333334,0.015550729166666666,0.02002083333333333,31.82604166666667,0.002887447916666666,22.8203125,45.51770833333333,3.931770833333333
84,2016-03-25,0.5418854166666667,0.012616666666666667,0.015225156250000002,30.45505208333333,0.00319828125,23.00208333333333,32.09010416666667,4.981770833333333
85,2016-03-26,0.5909739583333333,0.014467708333333334,0.018180677083333333,28.647864583333334,0.0030601041666666663,22.940104166666668,30.95520833333333,3.561458333333333
86,2016-03-27,0.6144166666666667,0.015454322916666666,0.022605416666666666,28.919531250000002,0.0030857812499999995,23.938541666666666,30.128125,3.251041666666667
87,2016-03-28,0.7634895833333334,0.021074322916666666,0.022824531250000002,35.22703125,0.0032571874999999997,24.191145833333334,31.719270833333336,3.6479166666666667
88,2016-03-29,0.7905364583333333,0.022313802083333334,0.021178489583333335,36.44614583333333,0.003461510416666667,24.079166666666666,28.075520833333332,3.8015624999999997
89,2016-03-30,0.73156875,0.018539375,0.026692499999999997,34.229427083333334,0.0032415104166666664,24.206770833333334,29.27552083333333,4.030208333333333
90,2016-03-31,0.8168177083333333,0.02532125,0.025378333333333333,39.103541666666665,0.00362125,24.313020833333336,26.422395833333336,4.035416666666666
91,2016-04-01,0.9443244791666667,0.025336979166666666,0.013102864583333334,44.4084375,0.0031521875,19.488020833333334,35.946354166666666,2.5130208333333335
92,2016-04-02,2.0515677083333332,0.040490520833333335,0.01803765625,55.11880208333333,0.00433703125,18.558854166666666,24.30677083333333,1.6458333333333333
93,2016-04-03,1.0127625,0.031042343750000003,0.02576265625,43.37953125000001,0.003365104166666667,23.2859375,27.243229166666666,3.052604166666667
94,2016-04-04,0.9719166666666667,0.026200625,0.030223854166666664,39.47411458333333,0.002611979166666667,24.335416666666664,26.78697916666667,3.353645833333333
95,2016-04-05,0.81246875,0.021013072916666667,0.03602838541666666,48.18453125,0.0021575520833333334,27.553645833333334,23.254166666666666,3.897395833333333
96,2016-04-06,0.6070208333333333,0.014471354166666667,0.039359114583333334,32.87104166666666,0.0025722916666666667,27.768229166666668,36.959895833333334,4.0015624999999995
97,2016-04-07,0.7512135416666667,0.016858489583333334,0.02611723958333333,19.0478125,0.0022760416666666667,22.1328125,69.82187499999999,2.7078124999999997
98,2016-04-08,0.7844583333333334,0.020460833333333334,0.022864114583333334,26.432760416666667,0.0021225625,24.85364583333333,63.473437499999996,2.93125
99,2016-04-09,0.6001822916666667,0.01402390625,0.013014583333333335,18.970833333333335,0.002020885416666667,22.8515625,67.40416666666667,4.658854166666667
100,2016-04-10,0.8308958333333334,0.018232552083333332,0.0194734375,40.677135416666665,0.0020604687500000002,23.3046875,72.85781250000001,2.4192708333333335
101,2016-04-11,0.7229895833333333,0.016531145833333333,0.013372916666666667,35.710520833333334,0.0023702604166666668,22.6953125,51.74895833333333,4.254166666666666
102,2016-04-12,0.6730989583333334,0.011577864583333333,0.012804270833333332,60.94421875,0.00247859375,19.286458333333332,58.8203125,4.189583333333333
103,2016-04-13,0.8102083333333333,0.018500729166666667,0.02372453125,38.17307291666667,0.0028735416666666666,25.647395833333334,34.6890625,3.529166666666667
104,2016-04-14,0.78478125,0.018846041666666667,0.0202990625,33.979166666666664,0.0024502083333333333,26.597916666666666,29.480729166666666,3.8375
105,2016-04-15,0.8450421874999999,0.020253239583333332,0.019989322916666667,39.138385416666665,0.0026197916666666665,24.988333333333333,32.337552083333335,4.1671875
106,2016-04-16,0.758575,0.018682083333333332,0.020193010416666667,33.07333333333333,0.00226409375,23.976041666666664,31.13489583333333,3.9640625000000003
107,2016-04-17,1.0809635416666665,0.026172760416666666,0.021280729166666665,37.233958333333334,0.0028355729166666664,24.471354166666668,32.090624999999996,2.4791666666666665
108,2016-04-18,0.95649375,0.01950859375,0.027216718749999997,42.0034375,0.00280125,26.169270833333332,37.47291666666667,3.907291666666667
109,2016-04-19,0.920392670157068,0.018291623036649215,0.024608848167539266,41.660314136125656,0.002902303664921466,24.882722513089007,46.3130890052356,3.7036649214659683
110,2016-04-20,0.7824427083333333,0.01917348958333333,0.023811510416666667,35.148020833333334,0.00252375,23.951562499999998,43.5484375,3.2536458333333336
111,2016-04-21,0.8783177083333333,0.024411770833333332,0.026965989583333332,33.00442708333333,0.0033971874999999996,23.546354166666664,31.105729166666666,3.2583333333333333
112,2016-04-22,0.9097760416666666,0.02454348958333333,0.02872421875,29.5496875,0.0031917187499999997,23.196354166666666,19.744270833333335,3.0276041666666664
113,2016-04-23,0.9099531249999999,0.022690000000000002,0.023039270833333333,30.740624999999998,0.003233125,23.3703125,23.66197916666667,3.8005208333333336
114,2016-04-24,0.7873489583333333,0.01679567708333333,0.02465640625,26.03140625,0.00279640625,23.373958333333334,26.2578125,4.28125
115,2016-04-25,1.0019010416666667,0.022699791666666667,0.024218229166666664,32.693697916666665,0.0033173958333333337,22.788020833333334,24.423437500000002,2.7875
116,2016-04-26,0.8694791666666667,0.019706666666666667,0.024583593749999997,33.60515625,0.0025964583333333334,21.99427083333333,25.673437500000002,3.8776041666666665
117,2016-04-27,1.0115416666666668,0.025798072916666664,0.03349802083333333,40.010364583333335,0.0034169270833333334,23.311458333333334,25.920312499999998,3.0395833333333333
118,2016-04-28,1.085703125,0.02452958333333333,0.0393259375,46.67807291666667,0.0031368229166666667,24.811979166666664,26.009375000000002,3.9125
119,2016-04-29,0.9765677083333334,0.024806250000000002,0.03652932291666667,41.839114583333334,0.002887447916666667,24.09166666666667,27.90416666666667,3.844791666666667
120,2016-04-30,1.065984375,0.029978333333333333,0.033044687499999996,44.18354166666666,0.0031097395833333333,23.647916666666664,24.10364583333333,2.928125
121,2016-05-01,0.797019375,0.02977,0.0144446875,33.038906250000004,0.003245208333333333,18.359895833333333,40.5234375,3.634895833333333
122,2016-05-02,1.2027083333333333,0.03629052083333333,0.026152916666666665,60.93385416666666,0.0036285416666666666,18.4375,30.636979166666666,2.339583333333333
123,2016-05-03,0.9792760416666667,0.03200010416666667,0.031396041666666666,47.69541666666667,0.003314583333333333,22.401041666666668,34.58385416666667,2.36875
124,2016-05-04,1.3287583333333333,0.03030859375,0.03155453125,45.84020833333333,0.0034414062499999996,24.846354166666668,22.768229166666668,2.8234375000000003
125,2016-05-05,0.8109166666666666,0.018672291666666667,0.03533572916666667,48.75963541666667,0.0026978125,27.250520833333336,29.213541666666668,4.105208333333334
126,2016-05-06,0.5844234375,0.014607760416666666,0.03119734375,36.29177083333333,0.00239015625,27.293229166666666,34.623958333333334,3.458854166666667
127,2016-05-07,0.8031510416666667,0.021160885416666667,0.023170416666666666,23.017031250000002,0.002018177083333333,22.172916666666666,70.08697916666667,2.1197916666666665
128,2016-05-08,0.7286041666666666,0.019113385416666667,0.024645364583333332,23.04369791666667,0.0022849479166666665,25.605729166666666,60.807812500000004,3.3708333333333336
129,2016-05-09,0.6441875,0.011972291666666668,0.00789921875,14.5171875,0.0022925,19.713020833333335,76.63958333333333,5.6109374999999995
130,2016-05-10,0.7136614583333333,0.015350625,0.017153593749999998,41.73197916666667,0.0019120312499999999,23.340625,71.80833333333334,2.2432291666666666
131,2016-05-11,0.8280364583333334,0.018914947916666668,0.0163779375,39.89369791666667,0.0029000520833333335,22.02552083333333,51.22552083333333,2.9135416666666667
132,2016-05-12,1.3920526315789474,0.02376084210526316,0.016104736842105262,68.73810526315789,0.003055210526315789,16.39421052631579,55.088421052631574,1.9536842105263157
133,2016-05-13,0.7972552083333334,0.020017760416666665,0.038369479166666665,47.61421875,0.0025089062500000003,26.06041666666667,49.571875,3.8333333333333335
134,2016-05-14,0.7021875,0.015499479166666668,0.04277385416666666,45.58171875,0.0023539583333333333,25.710416666666664,49.25625,3.7953125
135,2016-05-15,0.6891041666666666,0.013593958333333335,0.03842005208333333,47.20578125,0.002050989583333333,26.294270833333332,47.31145833333333,4.360416666666667
136,2016-05-16,0.7679166666666667,0.016434791666666667,0.03330604166666667,48.143541666666664,0.0024694270833333335,26.26770833333333,42.74791666666667,3.671875
137,2016-05-17,0.7016302083333333,0.015266770833333334,0.03367885416666667,47.90739583333333,0.0026676041666666666,27.289583333333336,37.440104166666664,4.195833333333334
138,2016-05-18,0.7313177083333334,0.015858177083333334,0.03332609375,48.46598958333333,0.0026165104166666667,27.482812499999998,30.454166666666666,4.238020833333334
139,2016-05-19,0.8129166666666667,0.02061953125,0.030779791666666667,49.68734375,0.002700625,27.41979166666667,29.171875,3.9036458333333335
140,2016-05-20,0.758478947368421,0.019992315789473684,0.030288052631578948,48.48626315789473,0.0026487894736842107,27.793684210526315,30.981052631578944,3.781052631578947
141,2016-05-21,0.8853020833333334,0.019001770833333334,0.03281942708333333,49.96864583333333,0.002853270833333333,27.781770833333336,30.495833333333334,3.4421874999999997
142,2016-05-22,0.6028020833333333,0.013233229166666666,0.029601875,43.34291666666667,0.0024425156250000002,27.697916666666668,29.6875,4.184895833333333
143,2016-05-23,0.786171875,0.0180678125,0.03567270833333334,47.348072916666666,0.00285546875,27.530729166666664,28.88072916666667,4.0234375
144,2016-05-24,0.8419166666666666,0.019121041666666668,0.035434791666666667,39.476718749999996,0.00318515625,28.121875,29.657812500000002,3.3713541666666664
145,2016-05-25,0.8886572916666666,0.017105937499999998,0.03881359375,49.437083333333334,0.0033238906250000005,28.730208333333334,31.91197916666667,3.7953125
146,2016-05-26,0.9384240837696335,0.01844764397905759,0.0389651832460733,50.286806282722516,0.002840418848167539,27.995287958115185,32.288481675392674,3.4539267015706807
147,2016-05-27,0.9009895833333333,0.01817234375,0.03484234375,44.33052083333333,0.0026918229166666666,27.920312499999998,36.915104166666666,4.1265624999999995
148,2016-05-28,0.77725,0.016790677083333334,0.03614338541666667,33.77354166666667,0.002697708333333333,28.015625,34.2421875,3.763541666666667
149,2016-05-29,0.671203125,0.015389114583333334,0.036604687500000004,33.635364583333335,0.0027443229166666666,28.251562500000002,35.540625,3.3578125
150,2016-05-30,0.6610052356020942,0.01601586387434555,0.03798989528795812,36.27821989528796,0.0025226178010471206,27.9,33.518324607329845,4.050261780104712
151,2016-05-31,0.6958894736842105,0.014248,0.039391105263157894,39.98705263157895,0.0026179999999999997,27.344210526315788,41.64947368421053,4.362631578947369
152,2016-06-01,0.9237822916666666,0.03635453125,0.011155364583333334,32.37734375,0.0031097916666666665,17.094270833333333,48.88072916666667,3.1625
153,2016-06-02,0.9206176041666666,0.02817729166666667,0.021996098958333335,55.99135416666667,0.0030677083333333333,19.607291666666665,28.258072916666666,4.588541666666667
154,2016-06-03,0.7406230366492147,0.023210261780104713,0.03388958115183246,39.25178010471204,0.003152460732984293,22.2020942408377,39.39895287958115,3.4827225130890054
155,2016-06-04,1.5589791666666668,0.03857411458333333,0.023482395833333333,51.65958333333333,0.0037928124999999997,25.531770833333336,21.684895833333332,1.9552083333333332
156,2016-06-05,0.8823385416666666,0.02012171875,0.03568973958333333,50.698437500000004,0.0030441145833333336,27.177083333333332,31.991145833333334,3.419791666666667
157,2016-06-06,0.595261780104712,0.012928167539267016,0.03808041884816754,46.87246073298429,0.0022918324607329845,25.33979057591623,45.532984293193714,4.115706806282723
158,2016-06-07,0.7308958333333333,0.01749255208333333,0.035645625,20.970520833333335,0.0018952083333333332,22.234375,69.77708333333334,2.4614583333333333
159,2016-06-08,0.6792708333333333,0.0169196875,0.0154046875,25.526510416666667,0.002138697916666667,23.59947916666667,64.5671875,4.295833333333333
160,2016-06-09,0.654546875,0.01637765625,0.013953333333333333,22.806875,0.0022320833333333333,22.796354166666664,52.292187500000004,2.7473958333333335
161,2016-06-10,0.7632208333333333,0.01822875,0.021244895833333333,44.369739583333335,0.0017988541666666667,24.09947916666667,69.89322916666667,2.1281250000000003
162,2016-06-11,0.8335416666666666,0.020755885416666665,0.024147864583333335,68.54661458333334,0.0024732291666666665,22.559375,61.64166666666667,2.2739583333333333
163,2016-06-12,1.578350785340314,0.02730958115183246,0.01681020942408377,77.64104712041885,0.003027329842931937,17.216230366492148,50.832460732984295,1.4518324607329844
164,2016-06-13,0.8118020833333334,0.019647135416666666,0.040517604166666665,36.95333333333333,0.0021232812499999997,22.7546875,71.42760416666667,2.521354166666667
165,2016-06-14,0.8132541666666667,0.01820645833333333,0.04475552083333333,35.27364583333333,0.0018811458333333334,23.034895833333334,68.31666666666666,2.6901041666666665
166,2016-06-15,1.1334479166666667,0.018285104166666667,0.025533072916666667,24.858541666666667,0.0021376932291666665,22.673437500000002,73.19114583333334,2.61875
167,2016-06-16,1.051484375,0.012677708333333334,0.0157253125,19.2653125,0.00212265625,24.703125,60.6078125,3.6374999999999997
168,2016-06-17,1.165328125,0.017348541666666665,0.030563489583333336,20.11135416666667,0.0023839583333333334,24.438020833333336,64.40833333333333,2.819270833333333
169,2016-06-18,1.2622916666666666,0.02265661458333333,0.029681979166666667,20.115572916666668,0.002278125,22.973958333333332,69.91562499999999,2.7624999999999997
170,2016-06-19,0.7898385416666667,0.020602083333333333,0.023533020833333335,17.980208333333334,0.00214421875,22.435937499999998,63.059374999999996,3.5307291666666667
171,2016-06-20,0.8854604166666666,0.02002875,0.0230521875,15.043124999999998,0.0020367708333333336,24.434375,59.69166666666666,3.126041666666667
172,2016-06-21,0.955871875,0.019705604166666665,0.020930781250000002,15.04359375,0.0021834375,24.282291666666666,62.3765625,3.946354166666667
173,2016-06-22,0.7332187499999999,0.016750625,0.021092864583333332,20.268802083333334,0.002327708333333333,23.8625,58.44635416666667,3.4140625
174,2016-06-23,0.8570052083333333,0.01873421875,0.024252135416666668,19.008802083333332,0.002214166666666667,23.11510416666667,65.25989583333333,2.8317708333333336
175,2016-06-24,0.9803645833333333,0.023209999999999998,0.03017307291666667,20.743020833333333,0.0022396458333333335,23.18177083333333,64.68802083333334,2.56875
176,2016-06-25,1.0980104166666667,0.020996874999999998,0.03427036458333333,20.849947916666668,0.0020459895833333333,23.85625,66.28229166666667,2.4265624999999997
177,2016-06-26,1.0665677083333334,0.017158385416666668,0.03313083333333333,18.169375,0.0021149479166666665,23.927083333333332,66.46718750000001,2.6020833333333333
178,2016-06-27,1.2406145833333333,0.015779739583333334,0.028418802083333333,15.502083333333333,0.0021966145833333334,21.523958333333336,78.07656250000001,2.2875
179,2016-06-28,1.2075166666666666,0.016939895833333333,0.024976666666666664,16.729114583333335,0.0020894791666666666,24.063020833333336,64.51197916666666,2.7223958333333336
180,2016-06-29,1.218262433862434,0.015048571428571429,0.035522222222222226,26.57010582010582,0.0018871333333333332,23.54232804232804,65.92063492063492,2.873544973544974
181,2016-06-30,0.9438489583333333,0.016958802083333332,0.03737098958333333,25.255364583333332,0.0018941666666666666,23.8796875,59.518750000000004,2.9890624999999997
182,2016-07-01,0.9052442708333334,0.03458682291666667,0.012623697916666668,35.44177083333333,0.0029663020833333334,16.717708333333334,45.830729166666664,3.0505208333333336
183,2016-07-02,1.171559375,0.02529796875,0.020912604166666668,43.254895833333336,0.003482552083333333,17.434375,23.928645833333334,2.4015625000000003
184,2016-07-03,0.7100260416666666,0.022168645833333334,0.029459791666666665,35.739583333333336,0.003173333333333333,21.197395833333335,29.3484375,4.726041666666666
185,2016-07-04,1.4552670157068064,0.030283246073298433,0.03294895287958115,63.21356020942409,0.0033669633507853406,26.4151832460733,24.184816753926704,2.731937172774869
186,2016-07-05,0.8861413612565445,0.01918371727748691,0.03802575916230367,50.75942408376963,0.0029010994764397907,26.841361256544502,42.54973821989529,3.743455497382199
187,2016-07-06,0.6309267708333334,0.013201510416666666,0.04321479166666667,43.971927083333334,0.0023447916666666665,25.43958333333333,48.984375,3.9546875
188,2016-07-07,0.9102343749999999,0.025898489583333333,0.025087916666666668,27.151406249999997,0.0022027083333333334,23.70625,65.05833333333334,2.0875
189,2016-07-08,0.6388541666666666,0.013781302083333334,0.0149065625,18.71,0.0021336979166666666,23.065625,70.40885416666667,3.8312500000000003
190,2016-07-09,0.7573593750000001,0.0194803125,0.01722796875,26.159270833333334,0.0020261458333333334,24.52552083333333,58.958333333333336,2.43125
191,2016-07-10,0.737171875,0.018591770833333333,0.01711765625,41.747708333333335,0.0018537500000000001,24.0125,66.51197916666666,2.7890625
192,2016-07-11,0.8399114583333334,0.019374375,0.019967083333333333,68.13973958333334,0.002453125,21.866145833333334,64.73281250000001,2.3765625
193,2016-07-12,1.4828124999999999,0.0293165625,0.01649,63.92395833333333,0.003268333333333333,18.5703125,47.2890625,1.5604166666666668
194,2016-07-13,0.6507322916666667,0.014724453125,0.017057916666666666,16.968333333333334,0.00240265625,22.648958333333336,65.49114583333333,2.6
195,2016-07-14,0.9343906249999999,0.02180703125,0.02170869791666667,17.784583333333334,0.0023784895833333336,21.553645833333334,73.59635416666667,2.396875
196,2016-07-15,0.7303067708333333,0.017310182291666667,0.02220651041666667,15.842552083333333,0.0019883333333333333,21.52916666666667,73.34322916666666,2.7083333333333335
197,2016-07-16,0.8084338541666667,0.017929375,0.02382380208333333,20.48375,0.0022390494791666667,21.929166666666664,71.05572916666667,2.3192708333333334
198,2016-07-17,0.8419583333333334,0.020241822916666666,0.021131354166666668,18.865416666666665,0.0022186458333333333,21.5859375,70.58802083333333,2.259895833333333
199,2016-07-18,0.9362916666666666,0.024158020833333335,0.021634427083333335,34.716197916666665,0.002235104166666667,22.675520833333334,66.528125,2.0130208333333335
200,2016-07-19,0.8903958333333333,0.019989479166666668,0.022613645833333335,28.403958333333335,0.002138885416666667,24.015104166666664,61.34427083333333,2.4421874999999997
201,2016-07-20,0.7552395833333333,0.019897552083333332,0.02009859375,30.7478125,0.001970364583333333,23.408854166666668,57.58802083333333,3.258854166666667
202,2016-07-21,0.8529114583333333,0.023219531249999998,0.017186145833333333,30.985937500000002,0.0019711458333333334,22.5828125,66.95208333333333,2.697395833333333
203,2016-07-22,0.7191614583333333,0.018053385416666668,0.020423802083333335,21.450729166666665,0.002165625,22.977604166666666,69.38020833333333,3.282291666666667
204,2016-07-23,0.746390625,0.01630098958333333,0.019809947916666668,17.03317708333333,0.0021203125000000002,22.105729166666666,74.14479166666666,2.5343750000000003
205,2016-07-24,0.6789947916666667,0.015102187500000001,0.023294791666666665,23.01875,0.0018885937499999999,22.73229166666667,71.05208333333333,2.300520833333333
206,2016-07-25,0.7233697916666667,0.016893177083333332,0.027077864583333333,22.603333333333335,0.0022070312500000002,23.857812499999998,65.52083333333333,2.306770833333333
207,2016-07-26,0.803953125,0.022206041666666666,0.02954953125,21.79703125,0.00258046875,23.1953125,71.02604166666667,2.6083333333333334
208,2016-07-27,0.8193020833333334,0.021682864583333333,0.028965364583333333,31.108072916666668,0.0021691145833333332,22.99010416666667,72.41041666666666,2.6421875
209,2016-07-28,0.9510104166666666,0.026037552083333332,0.020403229166666665,22.5878125,0.0021891145833333333,20.527604166666666,82.00989583333333,1.7994791666666667
210,2016-07-29,0.8983697916666666,0.02243515625,0.01838125,25.079166666666666,0.002180078125,21.787499999999998,75.50885416666667,2.51875
211,2016-07-30,0.6889755208333334,0.019444010416666668,0.0252125,22.657552083333332,0.0024332291666666664,22.135416666666668,70.81770833333333,2.7890625
212,2016-07-31,0.70825,0.01865625,0.025861666666666668,21.88536458333333,0.002216354166666667,22.342708333333334,71.26979166666666,2.205208333333333
213,2016-08-01,1.0405557291666667,0.03958713541666667,0.014030885416666666,39.94541666666667,0.0033956249999999998,16.189062500000002,42.176562499999996,3.084895833333333
214,2016-08-02,1.3731354166666667,0.03045958333333333,0.017164166666666668,50.458124999999995,0.0043521875,18.570833333333333,22.959895833333334,2.740104166666667
215,2016-08-03,0.7448848167539267,0.01909005235602094,0.025539958115183246,48.85680628272251,0.003250602094240838,18.831413612565445,47.008376963350784,5.886910994764398
216,2016-08-04,1.3581145833333332,0.029058854166666665,0.027869635416666667,49.29973958333333,0.0031422395833333333,26.545833333333334,20.221354166666668,3.09375
217,2016-08-05,0.882328125,0.018372447916666666,0.03041354166666667,44.25369791666666,0.0026040625,26.986979166666668,45.574999999999996,3.734375
218,2016-08-06,0.6402447916666666,0.012808489583333332,0.04209802083333333,47.434322916666666,0.0023634375,25.241145833333334,51.754687499999996,4.4859374999999995
219,2016-08-07,0.6945104166666667,0.019120364583333334,0.03250979166666667,22.13771875,0.0023931770833333335,24.261458333333334,61.06875,2.5234375
220,2016-08-08,0.8897291666666667,0.02047369791666667,0.01705953125,30.10203125,0.0020393229166666667,22.721875,68.99322916666667,2.1890625
221,2016-08-09,0.6596354166666667,0.017754947916666666,0.020786562499999998,26.846249999999998,0.00204984375,24.558333333333334,63.02239583333333,2.333854166666667
222,2016-08-10,0.615453125,0.015915104166666666,0.0158253125,38.766354166666666,0.0020436979166666668,23.389062499999998,54.91041666666666,3.6171875
223,2016-08-11,0.7933125,0.016612083333333333,0.018929375000000002,66.38078125,0.0022215625,21.859895833333336,62.489583333333336,2.465104166666667
224,2016-08-12,1.6010523560209424,0.033654397905759165,0.018533298429319372,64.16026178010472,0.0031635078534031414,20.26020942408377,48.376439790575915,1.380104712041885
225,2016-08-13,0.8095,0.01607427083333333,0.01911098958333333,37.98015625,0.00211640625,24.063020833333336,67.91145833333333,2.9380208333333333
226,2016-08-14,0.8539322916666667,0.018060677083333334,0.023252187499999997,33.15208333333333,0.0020989583333333333,23.215625,68.79479166666667,2.615104166666667
227,2016-08-15,0.9027395833333333,0.021194270833333334,0.024960625,31.551770833333332,0.0022758333333333333,23.241666666666664,71.71927083333334,2.451041666666667
228,2016-08-16,0.8282135416666666,0.01939229166666667,0.021525677083333333,23.04505208333333,0.00226234375,23.672916666666666,65.15885416666667,2.833854166666667
229,2016-08-17,0.8969010416666667,0.020211197916666666,0.01528890625,30.686197916666668,0.0021166666666666664,22.319114583333334,77.15869791666667,2.036979166666667
230,2016-08-18,0.9188854166666666,0.01953526041666667,0.015628854166666668,36.27423958333333,0.002145677083333333,22.336458333333336,77.08802083333333,2.0755208333333335
231,2016-08-19,0.9116093749999999,0.01715671875,0.013103333333333333,38.30494791666667,0.002274947916666667,23.13489583333333,71.33697916666667,2.3895833333333334
232,2016-08-20,0.8389739583333333,0.016478802083333334,0.017246875,37.4425,0.0022027083333333334,23.038020833333334,69.28385416666667,2.5734375000000003
233,2016-08-21,0.7776718749999999,0.014849791666666667,0.015650729166666665,35.960208333333334,0.002156041666666667,21.738020833333334,77.45416666666667,2.4088541666666665
234,2016-08-22,0.9104010416666667,0.018783958333333333,0.015001562500000001,35.15744791666666,0.0022180208333333336,20.7546875,80.42343749999999,2.5385416666666667
235,2016-08-23,0.8621041666666667,0.020484010416666667,0.01814046875,36.82927083333333,0.0023618229166666666,21.111458333333335,73.83854166666667,2.4661458333333335
236,2016-08-24,0.8602447916666667,0.02869197916666667,0.013103541666666668,37.487864583333334,0.0025673958333333334,20.400520833333335,77.79583333333333,2.2255208333333334
237,2016-08-25,0.8197604166666667,0.027673489583333336,0.01651666666666667,36.3840625,0.0024772916666666667,20.374479166666667,78.3859375,1.7677083333333332
238,2016-08-26,0.9003749999999999,0.022109739583333333,0.021398020833333333,39.564739583333335,0.0020721875,22.508854166666666,70.76927083333334,1.8114583333333334
239,2016-08-27,0.865296875,0.01990916666666667,0.019556822916666664,39.12192708333333,0.002171828125,23.10364583333333,69.86197916666667,2.113541666666667
240,2016-08-28,0.7862931937172775,0.017935445026178012,0.019219476439790578,39.67581151832461,0.0018672251308900524,23.08743455497382,71.02251308900523,2.674869109947644
241,2016-08-29,0.8347760416666666,0.02129489583333333,0.021367395833333334,36.93786458333333,0.0020217708333333333,22.551041666666666,69.81302083333334,1.9609375
242,2016-08-30,0.759053125,0.021241145833333332,0.020698489583333333,40.14609375,0.002311770833333333,24.0,64.70156250000001,2.659895833333333
243,2016-08-31,0.7900520833333333,0.020835572916666666,0.028205208333333332,40.62583333333333,0.0022903125000000002,24.280208333333334,63.36875,2.275
244,2016-09-01,1.12153125,0.043236770833333334,0.015558802083333332,45.386302083333334,0.0033197395833333334,15.674999999999999,44.57395833333334,2.6755208333333336
245,2016-09-02,0.8429734375,0.027122656250000002,0.02136546875,46.10052083333333,0.0038536458333333335,17.211979166666666,28.899479166666666,3.8432291666666667
246,2016-09-03,0.5734146596858639,0.015979848167539265,0.032422094240837696,23.357853403141362,0.002769476439790576,11.649214659685864,64.87801047120419,6.795811518324608
247,2016-09-04,1.3218854166666667,0.02552916666666667,0.030366041666666666,50.95760416666667,0.0029730729166666664,26.363020833333334,29.944791666666664,3.204166666666667
248,2016-09-05,0.7766432291666666,0.014010885416666667,0.029694895833333332,43.85984375,0.0021448958333333333,26.380208333333332,46.4921875,3.9645833333333336
249,2016-09-06,0.732296875,0.018189427083333334,0.04653854166666666,43.17416666666667,0.0024047395833333334,25.11927083333333,49.3671875,3.630729166666667
250,2016-09-07,0.7373072916666666,0.020223854166666666,0.03912296875,26.680729166666666,0.0022013020833333333,24.889583333333334,60.53125,2.8401041666666664
251,2016-09-08,0.7430781249999999,0.019829062499999998,0.014664843750000002,36.56578125,0.0021046875000000002,23.396874999999998,70.61302083333334,2.2140625000000003
252,2016-09-09,0.6591250000000001,0.01702765625,0.022045625,24.78015625,0.0022495312500000002,24.547916666666666,66.23802083333334,2.8744791666666667
253,2016-09-10,0.48752083333333335,0.013095416666666667,0.020737552083333333,35.569583333333334,0.0020124479166666667,22.572916666666668,57.481770833333336,4.464583333333334
254,2016-09-11,0.720026455026455,0.016099153439153437,0.01619111111111111,71.61259259259259,0.002204656084656085,19.78994708994709,68.74021164021164,3.0
255,2016-09-12,1.495010416666667,0.02903328125,0.016899166666666667,55.52015624999999,0.0031028125,21.042708333333334,52.06614583333334,2.066666666666667
256,2016-09-13,0.6375458333333334,0.016291614583333332,0.028466875,25.455625,0.00209796875,24.590625,63.6234375,2.8854166666666665
257,2016-09-14,0.675140625,0.017831302083333334,0.0231134375,23.75125,0.0022849479166666665,24.434375,63.23802083333334,3.5
258,2016-09-15,0.7028125,0.017690729166666665,0.022128281250000003,25.06958333333333,0.0020928645833333333,24.118750000000002,62.50104166666667,2.9973958333333335
259,2016-09-16,0.597859375,0.015241354166666667,0.022770885416666668,25.794427083333332,0.0021406770833333334,24.422916666666666,58.98229166666667,2.7760416666666665
260,2016-09-17,0.6689895833333334,0.016099427083333333,0.0187353125,26.189843749999998,0.002140572916666667,24.128645833333334,63.043749999999996,2.9770833333333333
261,2016-09-18,0.5773906249999999,0.012881927083333333,0.020268854166666666,27.25703125,0.0018933333333333335,23.131249999999998,68.8796875,2.7114583333333333
262,2016-09-19,0.6317552083333333,0.017242916666666667,0.019894739583333335,41.34916666666667,0.0021035416666666668,24.199479166666666,65.04635416666666,3.166145833333333
263,2016-09-20,0.7771947916666666,0.017403177083333336,0.016915625,40.631932291666665,0.0021970312499999998,23.567708333333332,66.40572916666666,2.775520833333333
264,2016-09-21,0.8742822916666667,0.01717359375,0.015592864583333333,39.78078125,0.0023254166666666666,23.27552083333333,62.44895833333334,2.6338541666666666
265,2016-09-22,0.6576666666666667,0.01698703125,0.02247052083333333,33.18604166666666,0.0024766666666666665,22.664583333333336,56.471354166666664,3.2421875
266,2016-09-23,0.689296875,0.018781510416666668,0.01930890625,43.190729166666664,0.00211453125,21.652083333333334,69.00885416666667,2.5729166666666665
267,2016-09-24,0.7923645833333334,0.019988333333333334,0.022927395833333333,49.81859375,0.00199734375,22.449479166666666,68.3984375,2.0770833333333334
268,2016-09-25,0.6114583333333333,0.013575729166666667,0.022987916666666667,46.75692708333333,0.0017999479166666667,22.953125,67.04062499999999,2.580208333333333
269,2016-09-26,0.725359375,0.015128333333333334,0.018350052083333335,47.06489583333333,0.002085833333333333,23.888020833333332,66.29635416666666,2.4927083333333333
270,2016-09-27,0.8920833333333333,0.019272291666666667,0.015587916666666667,35.56489583333333,0.0021861458333333333,22.359895833333336,73.85625,2.8937500000000003
271,2016-09-28,0.9687696335078534,0.018921256544502617,0.012205078534031414,41.917329842931935,0.0024095287958115184,21.985340314136124,73.84083769633509,2.6586387434554974
272,2016-09-29,0.74681109375,0.016937239583333333,0.014841822916666665,39.39177083333333,0.0022988020833333333,21.871354166666666,77.66927083333333,2.3854166666666665
273,2016-09-30,0.8031302083333333,0.02057078125,0.017148125,40.78203125,0.00256578125,22.153125,76.60364583333333,1.4906249999999999
274,2016-10-01,1.1848296875,0.042915625000000006,0.0186903125,44.94833333333333,0.0029883677083333334,16.984895833333333,35.559374999999996,2.6083333333333334
275,2016-10-02,1.1870208333333332,0.03271864583333333,0.019434427083333334,52.157916666666665,0.003887083333333333,17.178124999999998,38.94479166666667,2.844791666666667
276,2016-10-03,0.6880635416666667,0.020827604166666666,0.035014375,23.46213541666667,0.0027365625,11.780729166666667,48.88125,4.2203124999999995
277,2016-10-04,1.1393802083333333,0.01981484375,0.029329947916666668,39.657916666666665,0.003205833333333333,25.75208333333333,33.00208333333333,3.4166666666666665
278,2016-10-05,0.8013489583333334,0.016784375,0.025998229166666664,45.43244791666667,0.002556770833333333,26.903125,45.540625,3.369270833333333
279,2016-10-06,0.8315625,0.019418958333333333,0.04075380208333333,43.662187499999995,0.00265984375,25.682291666666668,42.68958333333333,2.890625
280,2016-10-07,0.658015625,0.013372083333333333,0.030902656249999997,41.67817708333333,0.0021398958333333335,25.734895833333336,64.81145833333333,2.9328125000000003
281,2016-10-08,0.9689114583333334,0.0181071875,0.016063541666666667,34.95734375,0.0022994791666666667,23.355208333333334,72.43072916666667,2.3833333333333333
282,2016-10-09,0.61571875,0.01619244791666667,0.02548328125,23.6328125,0.0022273958333333334,24.305729166666666,64.1296875,2.9010416666666665
283,2016-10-10,0.7629635416666667,0.019943854166666667,0.020572447916666667,35.86723958333334,0.00217265625,21.7765625,56.5015625,2.9567708333333336
284,2016-10-11,0.9524397905759162,0.01830041884816754,0.009735910994764398,62.12387434554974,0.0024549214659685867,18.124607329842934,71.02251308900523,2.2963350785340317
285,2016-10-12,1.2026649214659686,0.02627256544502618,0.0178148167539267,50.443926701570675,0.002916020942408377,19.689005235602092,56.0413612565445,2.363874345549738
286,2016-10-13,1.1702708333333334,0.03536625,0.01060875,58.57375,0.0025275,24.798437500000002,55.40677083333333,2.96875
287,2016-10-14,0.9483958333333332,0.03536625,0.01060875,58.57375,0.0025275,23.700520833333332,54.362500000000004,3.0515624999999997
288,2016-10-15,1.0306875,0.03536625,0.01060875,58.57375,0.0025275,23.732812499999998,57.590624999999996,2.484375
289,2016-10-16,0.9744375,0.03536625,0.01060875,58.57375,0.0025275,23.405208333333334,57.74322916666667,2.725520833333333
290,2016-10-17,1.1442291666666666,0.03536625,0.01060875,58.57375,0.0025275,23.329166666666666,61.82604166666667,2.541145833333333
291,2016-10-18,1.1025625000000001,0.03536625,0.01060875,58.57375,0.0025275,23.169270833333332,62.61822916666667,2.074479166666667
292,2016-10-19,1.3145416666666667,0.03536625,0.01060875,58.57375,0.0025275,23.409895833333334,64.71979166666667,2.2890625
293,2016-10-20,0.9739166666666667,0.03536625,0.01060875,56.99255208333333,0.0025275,22.123958333333334,51.546875,2.6947916666666667
294,2016-10-21,1.197875,0.03536625,0.01060875,46.32510416666667,0.0025275,21.14375,54.0765625,4.434375
295,2016-10-22,1.129125,0.03536625,0.01060875,43.91375,0.0025275,21.869791666666668,56.875,2.9583333333333335
296,2016-10-23,1.2937083333333332,0.03536625,0.01060875,43.91375,0.0025275,23.126041666666666,59.08489583333333,2.3052083333333333
297,2016-10-24,1.1801666666666666,0.03536625,0.01060875,43.91375,0.0025275,23.845312500000002,60.79322916666666,2.331770833333333
298,2016-10-25,0.7380052083333334,0.02091427083333333,0.023948229166666668,29.099791666666665,0.0023446875,23.655208333333334,54.283854166666664,2.8395833333333336
299,2016-10-26,0.6917604166666668,0.019172083333333333,0.020656510416666666,27.917031249999997,0.002179635416666667,23.460416666666664,48.89479166666666,3.1296874999999997
300,2016-10-27,0.6207760416666667,0.013490729166666666,0.0213459375,22.9465625,0.0025930208333333335,22.094270833333336,48.182291666666664,4.778645833333333
301,2016-10-28,0.7401145833333334,0.015864010416666668,0.02076546875,23.024635416666666,0.0024537499999999998,21.179166666666667,46.96666666666667,3.8937500000000003
302,2016-10-29,0.8955156249999999,0.01805817708333333,0.01874984375,24.8009375,0.0024284375,20.673437500000002,48.7828125,2.8854166666666665
303,2016-10-30,0.8011302083333334,0.020523177083333333,0.01981328125,34.82927083333333,0.002387552083333333,21.136458333333334,42.057812500000004,2.1692708333333335
304,2016-10-31,1.0264659685863875,0.02387732984293194,0.019633193717277488,37.99434554973822,0.0021948743455497384,21.919371727748693,47.25130890052356,1.8890052356020943
305,2016-11-01,1.3442484375000001,0.047027291666666665,0.016506770833333333,49.2015625,0.003943072916666667,16.41875,40.395833333333336,2.3760416666666666
306,2016-11-02,1.0622822916666668,0.030233229166666667,0.021166979166666666,46.393229166666664,0.0038515624999999995,18.419791666666665,34.225,2.255729166666667
307,2016-11-03,0.9680314136125655,0.030332303664921467,0.025441047120418846,34.51696335078534,0.0031214659685863872,15.658638743455498,41.13926701570681,2.7706806282722516
308,2016-11-04,1.1730625000000001,0.0198571875,0.022969114583333335,42.23848958333333,0.0025817708333333335,25.635416666666668,36.186458333333334,4.552604166666667
309,2016-11-05,0.7975781249999999,0.016310989583333334,0.032710156250000004,46.32692708333334,0.0023344270833333333,27.809895833333332,43.50104166666667,3.3713541666666664
310,2016-11-06,0.7600364583333333,0.016053750000000002,0.037218906249999996,42.80354166666667,0.00225546875,26.16979166666667,49.059895833333336,3.2630208333333335
311,2016-11-07,0.6711197916666666,0.014283333333333334,0.029268541666666665,17.339479166666667,0.0026293229166666665,23.947916666666668,66.15833333333333,3.569270833333333
312,2016-11-08,0.8225937499999999,0.01823125,0.013075208333333333,34.563125,0.0022294270833333333,22.537499999999998,74.96197916666667,2.6921874999999997
313,2016-11-09,0.6023020833333333,0.01555203125,0.02440953125,22.703020833333337,0.00209328125,23.795833333333334,59.36770833333333,3.0296875
314,2016-11-10,0.6595364583333333,0.022411770833333334,0.020123854166666667,39.93864583333333,0.002304791666666667,22.79114583333333,55.26354166666667,2.566145833333333
315,2016-11-11,1.1436197916666666,0.019338385416666666,0.010117135416666668,60.789739583333336,0.0023916666666666665,18.7859375,70.14947916666667,2.7807291666666667
316,2016-11-12,1.4323141361256544,0.02816408376963351,0.016886910994764397,54.186492146596855,0.002754659685863874,20.22931937172775,52.42251308900524,1.8858638743455496
317,2016-11-13,1.204640625,0.015199583333333334,0.00638171875,54.69708333333333,0.0019907291666666667,16.491666666666667,90.434375,1.9088541666666667
318,2016-11-14,1.5938333333333334,0.024040260416666667,0.013498749999999999,40.57723958333333,0.0025565104166666666,19.212500000000002,77.49062500000001,1.1067708333333333
319,2016-11-15,1.2253489583333332,0.019663020833333333,0.012264739583333335,50.11338541666667,0.0022828125,20.802083333333332,64.34322916666666,1.7161458333333333
320,2016-11-16,0.8398645833333332,0.019596354166666666,0.018921666666666666,39.75114583333333,0.0023136458333333334,21.032291666666666,53.19479166666667,2.185416666666667
321,2016-11-17,1.015421875,0.021918020833333333,0.01826296875,46.34427083333333,0.0024746875,21.651041666666668,59.81197916666667,1.8072916666666667
322,2016-11-18,1.3176263157894736,0.026028473684210525,0.018729684210526315,49.004,0.0027264736842105264,21.31,60.00842105263158,1.3921052631578947
323,2016-11-19,0.6552552083333333,0.017787864583333333,0.01939734375,40.045,0.0019792708333333333,20.010416666666668,49.23854166666666,5.013020833333333
324,2016-11-20,1.0418958333333335,0.019908697916666666,0.019981145833333335,41.871770833333336,0.0023861979166666667,18.577083333333334,54.93177083333333,2.576041666666667
325,2016-11-21,1.0006614583333333,0.02316729166666667,0.020851666666666668,44.628177083333334,0.002370729166666667,19.248958333333334,53.521875,1.5973958333333333
326,2016-11-22,1.4516578947368421,0.032819,0.023778894736842106,53.01984210526316,0.0028772631578947373,19.86578947368421,51.98684210526316,1.4289473684210525
327,2016-11-23,1.4015026178010472,0.03129602094240838,0.02048214659685864,51.49612565445026,0.002508429319371728,20.680104712041885,52.606282722513086,1.5052356020942408
328,2016-11-24,1.084845744680851,0.02461797872340426,0.020724202127659574,44.124255319148936,0.0027230851063829785,19.384042553191488,49.23882978723404,2.5101063829787233
329,2016-11-25,2.7574285714285716,0.05205428571428571,0.001962857142857143,53.11285714285714,0.0030180952380952386,19.85892857142857,47.37797619047619,2.1851190476190476
330,2016-11-26,2.7531538461538463,0.0519884023668639,0.001964319526627219,54.50337278106509,0.0030192307692307693,18.497041420118343,47.44733727810651,3.077514792899408
331,2016-11-27,0.9336927083333334,0.024150364583333334,0.020732010416666665,42.36098958333333,0.00219734375,19.016145833333333,50.334375,2.0963541666666665
332,2016-11-28,1.219875,0.03208328125,0.02318020833333333,66.42760416666667,0.0028439583333333333,20.169791666666665,50.025,2.1703125
333,2016-11-29,1.0747708333333332,0.0232534375,0.013956666666666666,73.34375,0.0025347916666666665,19.738020833333334,60.11666666666667,3.1671875000000003
334,2016-11-30,1.0594791666666665,0.020716718749999998,0.01254046875,71.05489583333333,0.00288625,19.969270833333333,66.128125,1.8520833333333335
335,2016-12-01,1.2271875,0.037050364583333335,0.016415052083333333,49.84682291666667,0.0034414062499999996,17.058854166666666,48.11927083333333,2.300520833333333
336,2016-12-02,1.3774114583333334,0.035321874999999996,0.018364427083333332,52.390625,0.00469796875,19.811979166666667,26.160416666666666,2.8776041666666665
337,2016-12-03,1.0207395833333333,0.03378588541666667,0.03305109375,42.76869791666667,0.0032128125,18.575520833333332,38.635416666666664,2.3953124999999997
338,2016-12-04,1.1119895833333333,0.019949947916666665,0.021208489583333334,39.11171875,0.00309359375,25.100520833333334,34.295833333333334,3.8109375
339,2016-12-05,0.7480937500000001,0.015821041666666667,0.039007135416666665,42.401302083333334,0.0023751041666666664,26.4640625,51.628125000000004,3.483333333333333
340,2016-12-06,0.7596614583333333,0.014921203125,0.03621703125,35.906666666666666,0.0022577656250000002,22.54375,72.953125,3.3442708333333333
341,2016-12-07,0.7125,0.015096510416666667,0.02491744791666667,14.347395833333332,0.0022975520833333333,21.538020833333334,73.00625000000001,3.6041666666666665
342,2016-12-08,1.3191927083333332,0.021344583333333333,0.017425729166666667,37.00364583333333,0.0021828125000000003,23.017187500000002,70.86093749999999,2.165625
343,2016-12-09,0.7496979166666667,0.016631145833333333,0.02717359375,26.735885416666665,0.0019518229166666668,24.318749999999998,65.22083333333333,3.1989583333333336
344,2016-12-10,0.7336510416666666,0.021886302083333333,0.0181025,46.87583333333333,0.0026015625,23.98645833333333,55.903124999999996,2.3505208333333334
345,2016-12-11,1.216015625,0.018091770833333333,0.008076145833333333,55.810468750000005,0.0023026041666666668,17.065625,85.55052083333334,2.3348958333333334
346,2016-12-12,2.0089322916666665,0.03013223958333333,0.015822447916666666,58.466197916666665,0.0031315104166666666,20.181250000000002,42.932291666666664,1.78125
347,2016-12-13,2.6850204301075267,0.03643930107526882,0.018021827956989245,55.94064516129032,0.003571559139784946,19.43010752688172,42.531182795698925,1.2559139784946236
348,2016-12-14,2.0495567567567567,0.04446005405405406,0.02181081081081081,57.612162162162164,0.003317135135135135,20.196216216216218,39.787567567567564,1.5237837837837838
349,2016-12-15,1.7975815217391304,0.046953206521739135,0.019636684782608695,59.005108695652176,0.003321521739130435,20.178260869565218,39.256521739130434,1.580978260869565
350,2016-12-16,1.5156145833333332,0.04630135416666667,0.025746145833333334,60.928697916666664,0.003209166666666667,21.602083333333336,45.95729166666666,1.9161458333333332
351,2016-12-17,1.4244895833333333,0.0368403125,0.0172421875,61.0146875,0.003026302083333333,20.775000000000002,44.915625,2.5697916666666667
352,2016-12-18,1.7926421052631578,0.03156921052631579,0.016812631578947367,55.713157894736845,0.002848578947368421,19.517368421052634,45.844210526315784,1.4489473684210528
353,2016-12-19,1.5974391534391534,0.03115597883597884,0.0151810582010582,59.81529100529101,0.003272063492063492,19.91375661375661,51.577248677248676,1.9957671957671956
354,2016-12-20,1.1014427083333334,0.023134895833333335,0.015461927083333334,51.185,0.00293953125,19.8,54.771875,3.0875
355,2016-12-21,1.1914391534391535,0.02639677248677249,0.014846190476190476,51.951269841269834,0.002947195767195767,20.3,53.67142857142857,2.037037037037037
356,2016-12-22,1.6457219251336899,0.040122406417112295,0.01844572192513369,58.94358288770053,0.003022941176470588,20.679679144385027,49.12780748663101,1.486096256684492
357,2016-12-23,1.4685287958115183,0.039321780104712045,0.019366387434554974,62.73104712041884,0.00304717277486911,20.38952879581152,49.382198952879584,1.8549738219895289
358,2016-12-24,1.553609375,0.037441145833333335,0.020305052083333334,63.59489583333333,0.002946145833333333,20.472916666666666,51.653645833333336,1.8078125
359,2016-12-25,1.5138376963350786,0.02804303664921466,0.020148115183246072,58.401989528795816,0.002646387434554974,20.42408376963351,55.527748691099475,1.5324607329842932
360,2016-12-26,1.503308510638298,0.03087148936170213,0.014668829787234043,57.11244680851063,0.002878882978723404,20.45372340425532,50.836170212765964,1.6941489361702127
361,2016-12-27,1.5047326203208555,0.03301176470588236,0.018024759358288768,63.928128342245984,0.0029788235294117647,20.81657754010695,47.90320855614973,1.6946524064171122
362,2016-12-28,1.0475968586387434,0.02749701570680628,0.01781471204188482,57.754607329842926,0.002709371727748691,20.83717277486911,46.97696335078534,2.1795811518324606
363,2016-12-29,1.2629685863874345,0.030811623036649215,0.014561361256544501,60.701099476439786,0.003309528795811518,21.29109947643979,43.37905759162304,2.057068062827225
364,2016-12-30,1.072862433862434,0.023924603174603175,0.016177354497354496,53.50296296296296,0.0031989417989417993,20.558201058201057,49.85079365079365,2.3343915343915342
365,2016-12-31,0.869859375,0.019137291666666667,0.023945572916666668,55.88453125,0.002755026041666667,21.705729166666668,50.42604166666666,3.5197916666666664
